Trial #	Score1	Score2	Score3	Trades1	Trades2	Trades3	Fees1	Fees2	Fees3	Winrate1	Winrate2	Winrate3	Average	Deviation	Parameters
23	1.55	2.87	4.4	491	49	31	9028.68	447.65	296.25	59	61	77	2.94	1.42629	{'ott_len': 60, 'ott_percent': 92, 'ott_bw_up': 104, 'ott_bw_down': 97, 'tps_qty_index': 104, 'max_risk_long': 63, 'max_risk_short': 48}
58	0.29	2.96	2.7	588	89	51	4812.75	794.73	468.58	48	55	61	1.983	1.47222	{'ott_len': 24, 'ott_percent': 130, 'ott_bw_up': 133, 'ott_bw_down': 169, 'tps_qty_index': 33, 'max_risk_long': 54, 'max_risk_short': 30}
81	0.39	1.07	2.58	743	119	55	4576.53	913.79	499.55	47	54	64	1.347	1.12091	{'ott_len': 15, 'ott_percent': 127, 'ott_bw_up': 144, 'ott_bw_down': 144, 'tps_qty_index': 43, 'max_risk_long': 60, 'max_risk_short': 25}
142	1.46	1.27	3.41	164	17	16	2142.09	146.41	143.64	57	53	81	2.047	1.1845	{'ott_len': 58, 'ott_percent': 127, 'ott_bw_up': 135, 'ott_bw_down': 151, 'tps_qty_index': 11, 'max_risk_long': 60, 'max_risk_short': 25}
146	0.53	2.35	2.57	402	42	27	3357.15	377.31	233.2	51	55	63	1.817	1.1197	{'ott_len': 24, 'ott_percent': 130, 'ott_bw_up': 158, 'ott_bw_down': 169, 'tps_qty_index': 66, 'max_risk_long': 54, 'max_risk_short': 46}
151	0.44	3.1	3.06	595	89	51	5563.17	802.28	469.36	52	58	69	2.2	1.52434	{'ott_len': 24, 'ott_percent': 130, 'ott_bw_up': 133, 'ott_bw_down': 169, 'tps_qty_index': 48, 'max_risk_long': 57, 'max_risk_short': 30}
193	1.74	0.42	3.65	213	21	18	2908.96	170.87	161.39	64	62	78	1.937	1.62396	{'ott_len': 55, 'ott_percent': 130, 'ott_bw_up': 133, 'ott_bw_down': 169, 'tps_qty_index': 109, 'max_risk_long': 60, 'max_risk_short': 30}
254	1.52	1.38	3.46	428	54	30	6609.48	498.6	271.4	55	56	63	2.12	1.16258	{'ott_len': 64, 'ott_percent': 90, 'ott_bw_up': 91, 'ott_bw_down': 112, 'tps_qty_index': 16, 'max_risk_long': 60, 'max_risk_short': 28}
255	1.33	2.5	2.98	418	50	35	5985.62	504.41	303.04	52	56	66	2.27	0.8487	{'ott_len': 64, 'ott_percent': 190, 'ott_bw_up': 144, 'ott_bw_down': 126, 'tps_qty_index': 11, 'max_risk_long': 60, 'max_risk_short': 32}
265	1.38	1.32	3.92	184	13	13	2532.37	106.4	116.68	55	54	92	2.207	1.48409	{'ott_len': 64, 'ott_percent': 128, 'ott_bw_up': 133, 'ott_bw_down': 112, 'tps_qty_index': 16, 'max_risk_long': 60, 'max_risk_short': 32}
274	0.68	0.15	4.91	511	70	40	4454.37	605.2	370.28	57	63	75	1.913	2.60868	{'ott_len': 64, 'ott_percent': 128, 'ott_bw_up': 104, 'ott_bw_down': 151, 'tps_qty_index': 109, 'max_risk_long': 60, 'max_risk_short': 25}
277	1.39	1.33	4.01	146	12	14	1825.91	97.43	124.02	60	67	93	2.243	1.53027	{'ott_len': 64, 'ott_percent': 128, 'ott_bw_up': 135, 'ott_bw_down': 151, 'tps_qty_index': 82, 'max_risk_long': 60, 'max_risk_short': 25}
279	1.59	2.33	3.62	108	5	13	1316.73	40.67	111.91	57	80	77	2.513	1.02734	{'ott_len': 52, 'ott_percent': 102, 'ott_bw_up': 144, 'ott_bw_down': 110, 'tps_qty_index': 33, 'max_risk_long': 61, 'max_risk_short': 30}
284	0.87	1.9	3.62	143	12	14	1555.61	99.27	126.11	55	67	79	2.13	1.38935	{'ott_len': 53, 'ott_percent': 130, 'ott_bw_up': 144, 'ott_bw_down': 169, 'tps_qty_index': 42, 'max_risk_long': 57, 'max_risk_short': 30}
298	0.71	3.49	3.72	569	75	39	5941.52	734.26	348.08	51	55	67	2.64	1.67538	{'ott_len': 24, 'ott_percent': 130, 'ott_bw_up': 144, 'ott_bw_down': 169, 'tps_qty_index': 66, 'max_risk_long': 68, 'max_risk_short': 46}
301	1.87	1.93	3.51	346	36	26	7594.2	319.26	237.76	59	61	69	2.437	0.93002	{'ott_len': 53, 'ott_percent': 115, 'ott_bw_up': 117, 'ott_bw_down': 108, 'tps_qty_index': 67, 'max_risk_long': 59, 'max_risk_short': 32}
307	1.75	1.01	2.64	580	69	39	14680.49	570.08	339.91	55	51	59	1.8	0.81615	{'ott_len': 64, 'ott_percent': 130, 'ott_bw_up': 115, 'ott_bw_down': 112, 'tps_qty_index': 37, 'max_risk_long': 57, 'max_risk_short': 55}
311	1.29	3.34	3.65	200	19	18	2430.01	177.68	163.49	55	58	72	2.76	1.28246	{'ott_len': 49, 'ott_percent': 159, 'ott_bw_up': 158, 'ott_bw_down': 144, 'tps_qty_index': 19, 'max_risk_long': 67, 'max_risk_short': 36}
312	1.1	1.98	3.6	321	23	19	3945.57	179.86	167.95	58	61	74	2.227	1.26812	{'ott_len': 59, 'ott_percent': 92, 'ott_bw_up': 134, 'ott_bw_down': 97, 'tps_qty_index': 104, 'max_risk_long': 63, 'max_risk_short': 48}
317	1.73	1.5	3.67	439	52	30	8785.93	482.23	270.75	55	60	63	2.3	1.19202	{'ott_len': 64, 'ott_percent': 90, 'ott_bw_up': 91, 'ott_bw_down': 124, 'tps_qty_index': 66, 'max_risk_long': 60, 'max_risk_short': 46}
319	1.74	0.13	3.21	256	32	21	4610.75	261.79	192.02	59	47	76	1.693	1.54053	{'ott_len': 58, 'ott_percent': 128, 'ott_bw_up': 125, 'ott_bw_down': 168, 'tps_qty_index': 11, 'max_risk_long': 60, 'max_risk_short': 25}
326	1.64	2.3	3.11	186	11	20	2612.47	90.45	174.18	57	64	60	2.35	0.73627	{'ott_len': 49, 'ott_percent': 128, 'ott_bw_up': 160, 'ott_bw_down': 110, 'tps_qty_index': 19, 'max_risk_long': 67, 'max_risk_short': 32}
330	0.37	2.23	2.59	38	1	2	344.62	7.88	15.97	63	100	100	1.73	1.19147	{'ott_len': 64, 'ott_percent': 90, 'ott_bw_up': 158, 'ott_bw_down': 96, 'tps_qty_index': 109, 'max_risk_long': 60, 'max_risk_short': 28}
331	1.02	1.9	3.47	151	13	14	1786.18	106.41	124.2	51	62	79	2.13	1.24109	{'ott_len': 52, 'ott_percent': 130, 'ott_bw_up': 144, 'ott_bw_down': 153, 'tps_qty_index': 66, 'max_risk_long': 56, 'max_risk_short': 25}
349	1.21	0.59	3.9	170	14	13	2120.85	111.51	116.68	56	50	92	1.9	1.75957	{'ott_len': 64, 'ott_percent': 130, 'ott_bw_up': 133, 'ott_bw_down': 169, 'tps_qty_index': 16, 'max_risk_long': 60, 'max_risk_short': 35}
353	1.49	1.83	3.19	218	16	18	2996.65	136.17	162.01	55	56	72	2.17	0.89956	{'ott_len': 50, 'ott_percent': 80, 'ott_bw_up': 115, 'ott_bw_down': 110, 'tps_qty_index': 37, 'max_risk_long': 57, 'max_risk_short': 34}
358	1.35	1.06	4.09	217	22	17	2990.9	185.12	159.5	58	50	82	2.167	1.67195	{'ott_len': 60, 'ott_percent': 127, 'ott_bw_up': 128, 'ott_bw_down': 151, 'tps_qty_index': 19, 'max_risk_long': 60, 'max_risk_short': 25}
365	0.36	0.9	2.29	687	96	46	6005.73	714.15	412.37	46	49	54	1.183	0.99571	{'ott_len': 15, 'ott_percent': 102, 'ott_bw_up': 144, 'ott_bw_down': 145, 'tps_qty_index': 17, 'max_risk_long': 61, 'max_risk_short': 32}
369	1.18	3.1	3.35	471	63	37	6703.82	574.95	335.17	54	56	68	2.543	1.18728	{'ott_len': 24, 'ott_percent': 130, 'ott_bw_up': 144, 'ott_bw_down': 169, 'tps_qty_index': 33, 'max_risk_long': 61, 'max_risk_short': 30}
371	0.95	2.06	3.26	276	17	17	3589.16	136.67	156.35	54	59	82	2.09	1.15529	{'ott_len': 60, 'ott_percent': 92, 'ott_bw_up': 144, 'ott_bw_down': 97, 'tps_qty_index': 33, 'max_risk_long': 63, 'max_risk_short': 48}
375	0.72	0.28	2.17	37	4	8	321.97	32.13	66.27	62	50	62	1.057	0.98896	{'ott_len': 55, 'ott_percent': 128, 'ott_bw_up': 153, 'ott_bw_down': 169, 'tps_qty_index': 109, 'max_risk_long': 46, 'max_risk_short': 32}
384	1.78	0.04	3.39	299	24	23	5817.96	203.65	210.66	55	46	61	1.737	1.67542	{'ott_len': 53, 'ott_percent': 130, 'ott_bw_up': 133, 'ott_bw_down': 108, 'tps_qty_index': 67, 'max_risk_long': 60, 'max_risk_short': 32}
391	1.0	4.14	2.31	85	4	11	814.31	33.03	93.34	53	100	64	2.483	1.57716	{'ott_len': 52, 'ott_percent': 102, 'ott_bw_up': 144, 'ott_bw_down': 138, 'tps_qty_index': 33, 'max_risk_long': 54, 'max_risk_short': 45}
398	1.78	1.96	4.39	330	35	23	5834.94	311.85	209.18	61	63	78	2.71	1.4577	{'ott_len': 60, 'ott_percent': 92, 'ott_bw_up': 104, 'ott_bw_down': 125, 'tps_qty_index': 104, 'max_risk_long': 63, 'max_risk_short': 48}
407	1.3	1.38	4.15	144	17	14	1653.34	145.05	125.17	58	47	79	2.277	1.62285	{'ott_len': 58, 'ott_percent': 130, 'ott_bw_up': 144, 'ott_bw_down': 122, 'tps_qty_index': 66, 'max_risk_long': 68, 'max_risk_short': 25}
418	0.17	2.65	2.19	1615	227	157	12046.66	2451.96	1541.97	47	54	50	1.67	1.31924	{'ott_len': 52, 'ott_percent': 128, 'ott_bw_up': 85, 'ott_bw_down': 90, 'tps_qty_index': 33, 'max_risk_long': 60, 'max_risk_short': 30}
428	1.96	0.0	2.9	342	36	27	7809.93	296.76	238.64	58	47	67	1.62	1.47959	{'ott_len': 64, 'ott_percent': 128, 'ott_bw_up': 115, 'ott_bw_down': 112, 'tps_qty_index': 37, 'max_risk_long': 60, 'max_risk_short': 32}
431	1.92	2.49	4.25	414	43	29	7873.15	383.61	273.7	61	63	76	2.887	1.21459	{'ott_len': 60, 'ott_percent': 92, 'ott_bw_up': 104, 'ott_bw_down': 97, 'tps_qty_index': 104, 'max_risk_long': 63, 'max_risk_short': 42}
432	1.67	0.11	5.04	262	36	20	3137.98	305.96	182.54	64	58	85	2.273	2.51977	{'ott_len': 64, 'ott_percent': 92, 'ott_bw_up': 104, 'ott_bw_down': 124, 'tps_qty_index': 109, 'max_risk_long': 66, 'max_risk_short': 36}
435	1.37	2.51	3.57	101	5	13	1089.01	41.1	112.62	54	80	69	2.483	1.10024	{'ott_len': 52, 'ott_percent': 102, 'ott_bw_up': 144, 'ott_bw_down': 122, 'tps_qty_index': 19, 'max_risk_long': 61, 'max_risk_short': 30}
441	1.7	1.3	3.66	406	53	30	6947.24	478.96	272.72	56	58	63	2.22	1.26301	{'ott_len': 64, 'ott_percent': 90, 'ott_bw_up': 91, 'ott_bw_down': 147, 'tps_qty_index': 67, 'max_risk_long': 59, 'max_risk_short': 28}
442	1.15	0.23	4.21	321	29	28	5052.71	229.98	273.17	55	52	79	1.863	2.08368	{'ott_len': 50, 'ott_percent': 80, 'ott_bw_up': 101, 'ott_bw_down': 128, 'tps_qty_index': 37, 'max_risk_long': 54, 'max_risk_short': 34}
445	0.69	1.92	3.81	56	1	8	507.89	7.88	67.47	62	100	100	2.14	1.57159	{'ott_len': 64, 'ott_percent': 128, 'ott_bw_up': 158, 'ott_bw_down': 138, 'tps_qty_index': 109, 'max_risk_long': 60, 'max_risk_short': 30}
446	0.85	2.06	3.26	267	17	17	3402.17	136.67	156.35	53	59	82	2.057	1.205	{'ott_len': 60, 'ott_percent': 92, 'ott_bw_up': 144, 'ott_bw_down': 97, 'tps_qty_index': 33, 'max_risk_long': 61, 'max_risk_short': 48}
451	0.76	0.89	2.64	923	131	88	10697.4	1072.14	895.52	48	47	55	1.43	1.0499	{'ott_len': 46, 'ott_percent': 128, 'ott_bw_up': 96, 'ott_bw_down': 110, 'tps_qty_index': 23, 'max_risk_long': 48, 'max_risk_short': 25}
453	1.76	0.89	3.41	189	18	16	2818.71	153.65	143.64	57	50	81	2.02	1.27996	{'ott_len': 58, 'ott_percent': 127, 'ott_bw_up': 135, 'ott_bw_down': 151, 'tps_qty_index': 11, 'max_risk_long': 63, 'max_risk_short': 48}
455	1.44	0.74	4.01	149	13	14	1903.57	104.58	124.02	60	62	93	2.063	1.72181	{'ott_len': 64, 'ott_percent': 128, 'ott_bw_up': 135, 'ott_bw_down': 151, 'tps_qty_index': 82, 'max_risk_long': 61, 'max_risk_short': 25}
463	1.55	2.51	3.57	107	5	13	1293.56	41.1	112.62	57	80	69	2.543	1.01041	{'ott_len': 52, 'ott_percent': 102, 'ott_bw_up': 144, 'ott_bw_down': 110, 'tps_qty_index': 19, 'max_risk_long': 61, 'max_risk_short': 30}
476	0.77	1.91	3.5	59	1	8	573.41	7.92	68.89	56	100	88	2.06	1.37117	{'ott_len': 64, 'ott_percent': 102, 'ott_bw_up': 144, 'ott_bw_down': 125, 'tps_qty_index': 67, 'max_risk_long': 60, 'max_risk_short': 32}
478	0.53	3.41	2.4	48	3	9	424.11	24.31	74.68	54	100	67	2.113	1.46124	{'ott_len': 52, 'ott_percent': 102, 'ott_bw_up': 144, 'ott_bw_down': 138, 'tps_qty_index': 54, 'max_risk_long': 49, 'max_risk_short': 32}
483	1.77	3.16	4.3	464	48	42	9092.95	467.43	419.18	57	56	71	3.077	1.26706	{'ott_len': 52, 'ott_percent': 102, 'ott_bw_up': 104, 'ott_bw_down': 97, 'tps_qty_index': 103, 'max_risk_long': 61, 'max_risk_short': 30}
488	0.53	3.15	2.26	651	83	44	6539.32	796.65	393.26	52	55	66	1.98	1.33225	{'ott_len': 24, 'ott_percent': 130, 'ott_bw_up': 144, 'ott_bw_down': 169, 'tps_qty_index': 33, 'max_risk_long': 61, 'max_risk_short': 58}
490	0.25	0.78	2.57	77	6	11	670.99	49.11	95.2	47	50	64	1.2	1.21569	{'ott_len': 47, 'ott_percent': 159, 'ott_bw_up': 158, 'ott_bw_down': 144, 'tps_qty_index': 16, 'max_risk_long': 43, 'max_risk_short': 30}
491	2.02	0.39	2.63	268	19	27	6010.02	154.39	235.07	56	53	63	1.68	1.15806	{'ott_len': 47, 'ott_percent': 128, 'ott_bw_up': 144, 'ott_bw_down': 108, 'tps_qty_index': 16, 'max_risk_long': 59, 'max_risk_short': 32}
498	1.12	1.92	5.43	464	52	40	8789.83	423.53	392.91	59	60	72	2.823	2.2926	{'ott_len': 39, 'ott_percent': 102, 'ott_bw_up': 117, 'ott_bw_down': 108, 'tps_qty_index': 90, 'max_risk_long': 59, 'max_risk_short': 32}
503	1.59	0.7	3.08	504	59	44	10923.64	527.75	414.67	54	44	57	1.79	1.20254	{'ott_len': 52, 'ott_percent': 128, 'ott_bw_up': 115, 'ott_bw_down': 110, 'tps_qty_index': 61, 'max_risk_long': 61, 'max_risk_short': 32}
505	1.2	2.77	3.56	365	48	29	4111.95	489.65	260.38	55	60	69	2.51	1.20129	{'ott_len': 64, 'ott_percent': 190, 'ott_bw_up': 144, 'ott_bw_down': 163, 'tps_qty_index': 66, 'max_risk_long': 68, 'max_risk_short': 32}
507	1.51	0.83	3.45	219	21	18	3136.18	173.92	164.26	61	57	78	1.93	1.35956	{'ott_len': 55, 'ott_percent': 130, 'ott_bw_up': 133, 'ott_bw_down': 169, 'tps_qty_index': 33, 'max_risk_long': 60, 'max_risk_short': 30}
511	0.9	1.51	3.64	347	37	27	3906.26	325.35	263.3	54	57	67	2.017	1.43855	{'ott_len': 49, 'ott_percent': 128, 'ott_bw_up': 125, 'ott_bw_down': 168, 'tps_qty_index': 19, 'max_risk_long': 60, 'max_risk_short': 25}
515	1.34	0.1	3.01	69	5	9	839.93	38.76	78.5	64	40	100	1.483	1.46029	{'ott_len': 64, 'ott_percent': 128, 'ott_bw_up': 152, 'ott_bw_down': 151, 'tps_qty_index': 11, 'max_risk_long': 60, 'max_risk_short': 32}
523	1.93	1.32	3.51	228	24	19	4534.62	210.8	169.37	55	46	74	2.253	1.13024	{'ott_len': 58, 'ott_percent': 128, 'ott_bw_up': 135, 'ott_bw_down': 105, 'tps_qty_index': 11, 'max_risk_long': 60, 'max_risk_short': 32}
528	1.18	3.35	3.35	467	62	37	6637.13	566.17	335.17	54	56	68	2.627	1.25285	{'ott_len': 24, 'ott_percent': 130, 'ott_bw_up': 144, 'ott_bw_down': 151, 'tps_qty_index': 33, 'max_risk_long': 61, 'max_risk_short': 25}
529	1.25	2.25	3.18	237	16	14	3047.05	132.74	120.63	57	69	86	2.227	0.96521	{'ott_len': 64, 'ott_percent': 92, 'ott_bw_up': 115, 'ott_bw_down': 112, 'tps_qty_index': 104, 'max_risk_long': 60, 'max_risk_short': 48}
537	1.78	0.54	4.7	334	38	19	4726.51	324.92	170.36	65	63	84	2.34	2.13579	{'ott_len': 64, 'ott_percent': 92, 'ott_bw_up': 104, 'ott_bw_down': 112, 'tps_qty_index': 110, 'max_risk_long': 63, 'max_risk_short': 48}
538	1.35	2.4	3.0	98	5	12	1070.21	40.88	101.35	64	80	83	2.25	0.83516	{'ott_len': 52, 'ott_percent': 92, 'ott_bw_up': 144, 'ott_bw_down': 110, 'tps_qty_index': 104, 'max_risk_long': 63, 'max_risk_short': 30}
541	1.35	0.92	2.86	700	86	54	11829.35	732.44	509.25	54	53	56	1.71	1.01887	{'ott_len': 60, 'ott_percent': 130, 'ott_bw_up': 104, 'ott_bw_down': 129, 'tps_qty_index': 37, 'max_risk_long': 63, 'max_risk_short': 55}
549	1.56	1.78	2.6	211	17	13	3349.54	137.18	112.6	54	59	85	1.98	0.54809	{'ott_len': 64, 'ott_percent': 90, 'ott_bw_up': 118, 'ott_bw_down': 108, 'tps_qty_index': 66, 'max_risk_long': 60, 'max_risk_short': 46}
554	0.96	1.81	3.09	270	17	17	3421.19	135.15	156.1	53	59	82	1.953	1.07221	{'ott_len': 60, 'ott_percent': 92, 'ott_bw_up': 144, 'ott_bw_down': 97, 'tps_qty_index': 67, 'max_risk_long': 63, 'max_risk_short': 48}
555	1.96	2.02	3.45	126	8	11	2157.65	63.36	97.01	65	38	100	2.477	0.84347	{'ott_len': 64, 'ott_percent': 128, 'ott_bw_up': 144, 'ott_bw_down': 112, 'tps_qty_index': 37, 'max_risk_long': 60, 'max_risk_short': 32}
559	1.26	0.11	2.67	217	23	13	2807.22	182.04	113.01	49	48	69	1.347	1.2822	{'ott_len': 58, 'ott_percent': 90, 'ott_bw_up': 125, 'ott_bw_down': 76, 'tps_qty_index': 16, 'max_risk_long': 60, 'max_risk_short': 25}
563	0.95	2.08	2.14	50	1	6	477.84	7.91	48.98	54	100	83	1.723	0.6704	{'ott_len': 64, 'ott_percent': 90, 'ott_bw_up': 144, 'ott_bw_down': 147, 'tps_qty_index': 67, 'max_risk_long': 61, 'max_risk_short': 28}
564	0.43	1.46	2.16	978	164	86	7462.6	1493.12	759.35	46	49	53	1.35	0.87023	{'ott_len': 24, 'ott_percent': 130, 'ott_bw_up': 115, 'ott_bw_down': 151, 'tps_qty_index': 61, 'max_risk_long': 61, 'max_risk_short': 25}
567	0.78	1.91	2.68	29	1	5	256.96	7.92	41.51	45	100	100	1.79	0.95567	{'ott_len': 64, 'ott_percent': 102, 'ott_bw_up': 144, 'ott_bw_down': 138, 'tps_qty_index': 67, 'max_risk_long': 47, 'max_risk_short': 45}
568	1.01	0.14	3.21	216	19	17	2584.58	153.79	155.76	53	47	76	1.453	1.58229	{'ott_len': 51, 'ott_percent': 128, 'ott_bw_up': 135, 'ott_bw_down': 144, 'tps_qty_index': 16, 'max_risk_long': 57, 'max_risk_short': 32}
574	1.73	0.89	3.41	192	18	16	2703.76	153.65	143.64	57	50	81	2.01	1.28312	{'ott_len': 58, 'ott_percent': 127, 'ott_bw_up': 135, 'ott_bw_down': 153, 'tps_qty_index': 11, 'max_risk_long': 63, 'max_risk_short': 48}
576	1.91	2.28	3.78	126	9	11	1803.08	72.12	96.18	67	56	100	2.657	0.99027	{'ott_len': 64, 'ott_percent': 128, 'ott_bw_up': 144, 'ott_bw_down': 112, 'tps_qty_index': 109, 'max_risk_long': 61, 'max_risk_short': 32}
581	1.23	1.69	4.12	185	18	17	2176.22	154.46	153.95	53	56	76	2.347	1.55288	{'ott_len': 51, 'ott_percent': 130, 'ott_bw_up': 144, 'ott_bw_down': 144, 'tps_qty_index': 67, 'max_risk_long': 68, 'max_risk_short': 32}
587	1.07	2.25	3.32	47	1	4	451.85	7.87	32.7	77	100	100	2.213	1.12545	{'ott_len': 64, 'ott_percent': 92, 'ott_bw_up': 158, 'ott_bw_down': 112, 'tps_qty_index': 110, 'max_risk_long': 63, 'max_risk_short': 36}
588	1.48	2.79	2.79	197	10	15	2987.37	80.55	136.34	54	70	73	2.353	0.75633	{'ott_len': 60, 'ott_percent': 92, 'ott_bw_up': 144, 'ott_bw_down': 97, 'tps_qty_index': 11, 'max_risk_long': 63, 'max_risk_short': 42}
589	0.82	0.77	3.93	819	138	75	8450.93	1135.63	763.9	53	54	68	1.84	1.81017	{'ott_len': 40, 'ott_percent': 128, 'ott_bw_up': 104, 'ott_bw_down': 145, 'tps_qty_index': 104, 'max_risk_long': 63, 'max_risk_short': 22}
593	2.01	0.7	2.6	340	41	27	6098.7	351.3	237.82	57	54	67	1.77	0.97247	{'ott_len': 64, 'ott_percent': 81, 'ott_bw_up': 91, 'ott_bw_down': 147, 'tps_qty_index': 20, 'max_risk_long': 59, 'max_risk_short': 28}
594	1.82	1.8	3.31	183	9	19	2857.27	71.78	165.5	58	67	68	2.31	0.86608	{'ott_len': 49, 'ott_percent': 130, 'ott_bw_up': 160, 'ott_bw_down': 112, 'tps_qty_index': 77, 'max_risk_long': 67, 'max_risk_short': 32}
596	0.33	2.09	2.11	751	112	66	6354.78	1038.1	564.16	48	51	59	1.51	1.02196	{'ott_len': 24, 'ott_percent': 130, 'ott_bw_up': 125, 'ott_bw_down': 169, 'tps_qty_index': 91, 'max_risk_long': 61, 'max_risk_short': 30}
598	1.39	0.88	3.94	185	14	13	2495.17	112.46	116.14	57	57	92	2.07	1.63942	{'ott_len': 64, 'ott_percent': 130, 'ott_bw_up': 133, 'ott_bw_down': 112, 'tps_qty_index': 69, 'max_risk_long': 60, 'max_risk_short': 30}
600	0.99	0.81	3.0	829	114	67	10196.29	937.84	642.7	51	49	57	1.6	1.21577	{'ott_len': 60, 'ott_percent': 128, 'ott_bw_up': 104, 'ott_bw_down': 108, 'tps_qty_index': 16, 'max_risk_long': 59, 'max_risk_short': 49}
604	1.46	2.9	4.04	521	65	39	8807.1	628.08	343.78	59	66	67	2.8	1.2929	{'ott_len': 64, 'ott_percent': 90, 'ott_bw_up': 91, 'ott_bw_down': 77, 'tps_qty_index': 109, 'max_risk_long': 59, 'max_risk_short': 28}
605	0.85	1.91	3.46	60	1	8	600.74	7.92	69.07	55	100	88	2.073	1.31264	{'ott_len': 64, 'ott_percent': 102, 'ott_bw_up': 144, 'ott_bw_down': 110, 'tps_qty_index': 19, 'max_risk_long': 60, 'max_risk_short': 30}
613	0.56	3.77	2.52	59	3	10	512.22	24.92	84.76	51	100	70	2.283	1.61803	{'ott_len': 52, 'ott_percent': 102, 'ott_bw_up': 149, 'ott_bw_down': 148, 'tps_qty_index': 16, 'max_risk_long': 54, 'max_risk_short': 32}
618	1.16	1.15	4.38	411	45	36	5588.93	375.3	358.6	53	56	69	2.23	1.86196	{'ott_len': 49, 'ott_percent': 92, 'ott_bw_up': 104, 'ott_bw_down': 144, 'tps_qty_index': 19, 'max_risk_long': 67, 'max_risk_short': 40}
621	1.94	0.82	3.95	331	39	19	6282.51	338.8	174.62	56	54	84	2.237	1.58595	{'ott_len': 64, 'ott_percent': 92, 'ott_bw_up': 104, 'ott_bw_down': 112, 'tps_qty_index': 37, 'max_risk_long': 63, 'max_risk_short': 48}
622	1.47	0.69	3.59	502	72	43	8744.1	645.92	409.99	54	50	58	1.917	1.50071	{'ott_len': 58, 'ott_percent': 138, 'ott_bw_up': 112, 'ott_bw_down': 151, 'tps_qty_index': 11, 'max_risk_long': 61, 'max_risk_short': 30}
624	1.3	3.4	4.12	411	46	39	5520.56	455.79	381.25	57	59	72	2.94	1.4652	{'ott_len': 52, 'ott_percent': 102, 'ott_bw_up': 104, 'ott_bw_down': 155, 'tps_qty_index': 101, 'max_risk_long': 61, 'max_risk_short': 27}
628	1.7	2.29	4.07	284	35	23	4505.74	318.65	216.69	58	57	74	2.687	1.23379	{'ott_len': 60, 'ott_percent': 92, 'ott_bw_up': 104, 'ott_bw_down': 147, 'tps_qty_index': 67, 'max_risk_long': 63, 'max_risk_short': 28}
636	1.58	1.56	3.35	223	20	17	3211.43	171.11	152.36	59	50	76	2.163	1.02773	{'ott_len': 60, 'ott_percent': 92, 'ott_bw_up': 115, 'ott_bw_down': 97, 'tps_qty_index': 99, 'max_risk_long': 63, 'max_risk_short': 32}
637	1.14	1.43	4.45	384	38	23	5792.59	321.55	211.18	58	58	78	2.34	1.83306	{'ott_len': 60, 'ott_percent': 81, 'ott_bw_up': 104, 'ott_bw_down': 101, 'tps_qty_index': 104, 'max_risk_long': 59, 'max_risk_short': 53}
640	1.47	0.15	2.76	584	96	56	9561.01	761.61	486.62	54	48	59	1.46	1.30503	{'ott_len': 49, 'ott_percent': 159, 'ott_bw_up': 123, 'ott_bw_down': 144, 'tps_qty_index': 93, 'max_risk_long': 67, 'max_risk_short': 36}
642	1.51	2.79	3.6	397	43	37	5912.36	408.73	367.33	54	58	57	2.633	1.05377	{'ott_len': 52, 'ott_percent': 102, 'ott_bw_up': 104, 'ott_bw_down': 148, 'tps_qty_index': 16, 'max_risk_long': 54, 'max_risk_short': 32}
643	1.68	0.52	4.01	442	51	30	8300.17	432.35	270.99	55	53	67	2.07	1.77739	{'ott_len': 64, 'ott_percent': 90, 'ott_bw_up': 91, 'ott_bw_down': 124, 'tps_qty_index': 92, 'max_risk_long': 60, 'max_risk_short': 46}
644	1.63	3.61	2.43	229	16	20	3859.42	145.43	176.27	54	56	60	2.557	0.99606	{'ott_len': 49, 'ott_percent': 128, 'ott_bw_up': 146, 'ott_bw_down': 110, 'tps_qty_index': 19, 'max_risk_long': 59, 'max_risk_short': 32}
646	1.04	2.11	2.73	72	4	9	751.08	32.15	76.8	57	75	67	1.96	0.85493	{'ott_len': 58, 'ott_percent': 128, 'ott_bw_up': 158, 'ott_bw_down': 112, 'tps_qty_index': 66, 'max_risk_long': 55, 'max_risk_short': 29}
647	1.92	0.0	2.9	332	36	27	7552.17	296.76	238.64	58	47	67	1.607	1.47517	{'ott_len': 64, 'ott_percent': 128, 'ott_bw_up': 115, 'ott_bw_down': 117, 'tps_qty_index': 37, 'max_risk_long': 60, 'max_risk_short': 32}
648	1.44	2.15	3.7	355	40	27	5247.94	354.87	246.22	58	62	81	2.43	1.15572	{'ott_len': 53, 'ott_percent': 92, 'ott_bw_up': 104, 'ott_bw_down': 88, 'tps_qty_index': 104, 'max_risk_long': 63, 'max_risk_short': 20}
649	1.32	1.09	3.73	132	12	11	1683.75	96.3	96.1	64	67	100	2.047	1.46234	{'ott_len': 64, 'ott_percent': 159, 'ott_bw_up': 158, 'ott_bw_down': 144, 'tps_qty_index': 109, 'max_risk_long': 67, 'max_risk_short': 28}
652	1.07	3.48	2.32	425	47	39	6334.01	489.04	343.85	49	57	56	2.29	1.20528	{'ott_len': 49, 'ott_percent': 159, 'ott_bw_up': 158, 'ott_bw_down': 110, 'tps_qty_index': 19, 'max_risk_long': 66, 'max_risk_short': 32}
655	1.06	1.07	2.63	560	76	56	7308.83	664.96	526.1	59	59	66	1.587	0.90357	{'ott_len': 52, 'ott_percent': 102, 'ott_bw_up': 96, 'ott_bw_down': 97, 'tps_qty_index': 109, 'max_risk_long': 61, 'max_risk_short': 25}
658	0.89	1.37	3.75	770	101	59	8921.84	893.01	588.57	56	53	64	2.003	1.53158	{'ott_len': 60, 'ott_percent': 128, 'ott_bw_up': 104, 'ott_bw_down': 112, 'tps_qty_index': 104, 'max_risk_long': 60, 'max_risk_short': 48}
660	1.56	1.97	2.93	202	16	17	3271.61	137.51	149.65	55	38	71	2.153	0.70316	{'ott_len': 52, 'ott_percent': 128, 'ott_bw_up': 144, 'ott_bw_down': 110, 'tps_qty_index': 11, 'max_risk_long': 61, 'max_risk_short': 30}
664	1.88	0.73	3.2	301	34	25	5145.52	290.96	221.65	58	59	64	1.937	1.23597	{'ott_len': 64, 'ott_percent': 102, 'ott_bw_up': 104, 'ott_bw_down': 155, 'tps_qty_index': 67, 'max_risk_long': 61, 'max_risk_short': 27}
666	0.39	0.27	2.5	742	117	69	7073.54	903.64	649.28	56	58	62	1.053	1.25429	{'ott_len': 60, 'ott_percent': 128, 'ott_bw_up': 96, 'ott_bw_down': 141, 'tps_qty_index': 109, 'max_risk_long': 63, 'max_risk_short': 28}
667	1.46	0.31	2.32	273	27	41	2713.66	221.47	343.2	50	56	51	1.363	1.00848	{'ott_len': 47, 'ott_percent': 92, 'ott_bw_up': 76, 'ott_bw_down': 104, 'tps_qty_index': 104, 'max_risk_long': 22, 'max_risk_short': 30}
668	0.44	2.04	2.8	52	1	6	477.36	7.9	49.72	50	100	83	1.76	1.20466	{'ott_len': 64, 'ott_percent': 102, 'ott_bw_up': 149, 'ott_bw_down': 148, 'tps_qty_index': 16, 'max_risk_long': 60, 'max_risk_short': 32}
669	2.11	0.95	4.74	352	42	19	6387.12	352.94	173.13	61	55	84	2.6	1.94193	{'ott_len': 64, 'ott_percent': 92, 'ott_bw_up': 104, 'ott_bw_down': 97, 'tps_qty_index': 104, 'max_risk_long': 60, 'max_risk_short': 42}
672	1.59	0.51	4.39	432	36	28	7558.57	286.41	267.9	59	53	79	2.163	2.00253	{'ott_len': 60, 'ott_percent': 92, 'ott_bw_up': 104, 'ott_bw_down': 97, 'tps_qty_index': 104, 'max_risk_long': 49, 'max_risk_short': 48}
675	0.38	2.75	2.87	451	64	33	3515.63	538.22	298.89	45	56	58	2.0	1.40424	{'ott_len': 17, 'ott_percent': 102, 'ott_bw_up': 144, 'ott_bw_down': 157, 'tps_qty_index': 69, 'max_risk_long': 46, 'max_risk_short': 30}
678	1.7	2.13	3.85	142	6	16	2000.55	49.21	137.36	54	67	69	2.56	1.13767	{'ott_len': 52, 'ott_percent': 102, 'ott_bw_up': 144, 'ott_bw_down': 100, 'tps_qty_index': 33, 'max_risk_long': 61, 'max_risk_short': 30}
683	1.31	2.92	3.07	210	21	19	2725.24	184.28	171.19	55	57	74	2.433	0.97572	{'ott_len': 60, 'ott_percent': 77, 'ott_bw_up': 104, 'ott_bw_down': 147, 'tps_qty_index': 67, 'max_risk_long': 63, 'max_risk_short': 28}
693	1.03	3.06	2.67	87	5	10	876.42	41.47	84.14	55	80	70	2.253	1.07723	{'ott_len': 58, 'ott_percent': 102, 'ott_bw_up': 144, 'ott_bw_down': 110, 'tps_qty_index': 19, 'max_risk_long': 61, 'max_risk_short': 30}
694	1.76	2.75	3.14	138	10	15	1885.1	82.9	127.87	62	70	80	2.55	0.71141	{'ott_len': 47, 'ott_percent': 128, 'ott_bw_up': 158, 'ott_bw_down': 161, 'tps_qty_index': 104, 'max_risk_long': 63, 'max_risk_short': 48}
696	1.59	0.79	2.94	588	67	47	11136.89	567.6	417.72	58	55	60	1.773	1.08666	{'ott_len': 60, 'ott_percent': 102, 'ott_bw_up': 104, 'ott_bw_down': 97, 'tps_qty_index': 104, 'max_risk_long': 61, 'max_risk_short': 48}
700	1.01	1.02	3.35	552	79	48	6324.38	707.29	463.34	53	51	62	1.793	1.34812	{'ott_len': 60, 'ott_percent': 128, 'ott_bw_up': 104, 'ott_bw_down': 147, 'tps_qty_index': 67, 'max_risk_long': 60, 'max_risk_short': 32}
701	1.24	2.29	3.49	356	44	28	4412.66	419.21	254.59	56	59	71	2.34	1.12583	{'ott_len': 64, 'ott_percent': 190, 'ott_bw_up': 144, 'ott_bw_down': 145, 'tps_qty_index': 39, 'max_risk_long': 60, 'max_risk_short': 30}
703	1.8	0.52	4.24	361	39	26	6289.02	316.36	250.57	58	56	77	2.187	1.8899	{'ott_len': 60, 'ott_percent': 115, 'ott_bw_up': 117, 'ott_bw_down': 108, 'tps_qty_index': 79, 'max_risk_long': 59, 'max_risk_short': 42}
708	0.61	0.3	2.12	95	8	11	820.76	65.11	93.88	47	50	64	1.01	0.9737	{'ott_len': 49, 'ott_percent': 159, 'ott_bw_up': 158, 'ott_bw_down': 144, 'tps_qty_index': 17, 'max_risk_long': 45, 'max_risk_short': 36}
713	1.39	0.79	2.89	612	87	50	11742.53	719.4	475.07	54	51	62	1.69	1.08167	{'ott_len': 33, 'ott_percent': 190, 'ott_bw_up': 153, 'ott_bw_down': 151, 'tps_qty_index': 33, 'max_risk_long': 61, 'max_risk_short': 33}
714	1.61	2.26	3.72	108	5	13	1310.71	40.62	111.94	59	80	77	2.53	1.0806	{'ott_len': 52, 'ott_percent': 102, 'ott_bw_up': 144, 'ott_bw_down': 110, 'tps_qty_index': 43, 'max_risk_long': 61, 'max_risk_short': 30}
719	0.89	0.94	5.07	450	65	38	4733.66	609.95	371.72	55	55	68	2.3	2.39902	{'ott_len': 64, 'ott_percent': 190, 'ott_bw_up': 138, 'ott_bw_down': 165, 'tps_qty_index': 39, 'max_risk_long': 63, 'max_risk_short': 30}
722	1.47	0.15	3.27	176	21	16	2578.85	172.57	141.96	56	48	75	1.63	1.56614	{'ott_len': 60, 'ott_percent': 159, 'ott_bw_up': 158, 'ott_bw_down': 110, 'tps_qty_index': 42, 'max_risk_long': 63, 'max_risk_short': 28}
724	0.82	1.17	3.5	695	85	54	12295.97	722.54	539.37	53	53	67	1.83	1.45681	{'ott_len': 41, 'ott_percent': 92, 'ott_bw_up': 104, 'ott_bw_down': 112, 'tps_qty_index': 37, 'max_risk_long': 63, 'max_risk_short': 50}
727	2.0	2.85	4.42	382	39	24	9330.85	366.62	225.2	59	64	79	3.09	1.22772	{'ott_len': 60, 'ott_percent': 92, 'ott_bw_up': 104, 'ott_bw_down': 110, 'tps_qty_index': 41, 'max_risk_long': 63, 'max_risk_short': 48}
734	1.79	2.59	2.35	233	18	24	3372.22	150.97	214.43	58	61	62	2.243	0.41053	{'ott_len': 41, 'ott_percent': 115, 'ott_bw_up': 153, 'ott_bw_down': 108, 'tps_qty_index': 99, 'max_risk_long': 59, 'max_risk_short': 32}
741	1.6	3.28	3.95	426	46	39	6941.41	445.87	380.38	57	59	72	2.943	1.21063	{'ott_len': 52, 'ott_percent': 102, 'ott_bw_up': 104, 'ott_bw_down': 104, 'tps_qty_index': 103, 'max_risk_long': 61, 'max_risk_short': 30}
744	1.57	2.62	4.36	302	36	24	4111.65	339.92	228.1	56	58	75	2.85	1.40915	{'ott_len': 60, 'ott_percent': 92, 'ott_bw_up': 104, 'ott_bw_down': 147, 'tps_qty_index': 19, 'max_risk_long': 67, 'max_risk_short': 36}
746	0.37	0.8	2.54	54	2	6	516.18	16.13	48.63	52	50	83	1.237	1.14901	{'ott_len': 48, 'ott_percent': 82, 'ott_bw_up': 158, 'ott_bw_down': 97, 'tps_qty_index': 51, 'max_risk_long': 48, 'max_risk_short': 30}
748	1.64	0.15	4.29	260	37	19	3200.81	315.79	172.28	61	57	84	2.027	2.09691	{'ott_len': 64, 'ott_percent': 92, 'ott_bw_up': 104, 'ott_bw_down': 97, 'tps_qty_index': 104, 'max_risk_long': 63, 'max_risk_short': 26}
749	1.59	1.12	2.76	123	9	11	1619.32	75.01	92.92	56	56	73	1.823	0.84453	{'ott_len': 58, 'ott_percent': 92, 'ott_bw_up': 135, 'ott_bw_down': 97, 'tps_qty_index': 11, 'max_risk_long': 60, 'max_risk_short': 32}
756	1.2	1.2	3.13	200	17	17	2769.87	141.36	149.25	54	53	76	1.843	1.11429	{'ott_len': 61, 'ott_percent': 128, 'ott_bw_up': 135, 'ott_bw_down': 105, 'tps_qty_index': 11, 'max_risk_long': 60, 'max_risk_short': 32}
762	1.77	3.29	2.98	243	20	21	4556.45	180.53	183.44	55	65	67	2.68	0.80318	{'ott_len': 49, 'ott_percent': 128, 'ott_bw_up': 146, 'ott_bw_down': 110, 'tps_qty_index': 40, 'max_risk_long': 66, 'max_risk_short': 32}
763	1.47	2.16	4.49	474	49	30	6954.13	431.67	283.98	61	59	77	2.707	1.58248	{'ott_len': 60, 'ott_percent': 92, 'ott_bw_up': 104, 'ott_bw_down': 97, 'tps_qty_index': 109, 'max_risk_long': 60, 'max_risk_short': 48}
764	0.64	2.99	2.9	83	4	10	797.52	32.75	84.71	52	75	70	2.177	1.33155	{'ott_len': 56, 'ott_percent': 81, 'ott_bw_up': 135, 'ott_bw_down': 105, 'tps_qty_index': 20, 'max_risk_long': 60, 'max_risk_short': 28}
769	1.43	2.79	4.23	363	38	26	4965.84	353.79	245.26	59	66	85	2.817	1.40019	{'ott_len': 52, 'ott_percent': 92, 'ott_bw_up': 104, 'ott_bw_down': 125, 'tps_qty_index': 104, 'max_risk_long': 61, 'max_risk_short': 27}
771	1.04	2.04	3.2	51	1	6	464.83	7.9	49.06	65	100	83	2.093	1.08099	{'ott_len': 60, 'ott_percent': 77, 'ott_bw_up': 144, 'ott_bw_down': 151, 'tps_qty_index': 33, 'max_risk_long': 63, 'max_risk_short': 28}
772	1.3	4.31	4.19	196	18	17	2584.39	162.72	149.14	60	67	82	3.267	1.70424	{'ott_len': 49, 'ott_percent': 128, 'ott_bw_up': 144, 'ott_bw_down': 144, 'tps_qty_index': 109, 'max_risk_long': 67, 'max_risk_short': 36}
776	1.66	1.28	2.41	219	16	16	3530.56	132.1	140.58	58	56	69	1.783	0.57501	{'ott_len': 55, 'ott_percent': 77, 'ott_bw_up': 104, 'ott_bw_down': 147, 'tps_qty_index': 30, 'max_risk_long': 46, 'max_risk_short': 64}
785	1.36	0.13	3.19	392	39	42	5378.38	326.25	386.95	54	51	62	1.56	1.53977	{'ott_len': 64, 'ott_percent': 92, 'ott_bw_up': 83, 'ott_bw_down': 108, 'tps_qty_index': 104, 'max_risk_long': 36, 'max_risk_short': 32}
788	0.68	1.92	3.41	54	1	8	487.68	7.89	67.29	59	100	100	2.003	1.36691	{'ott_len': 64, 'ott_percent': 128, 'ott_bw_up': 158, 'ott_bw_down': 147, 'tps_qty_index': 104, 'max_risk_long': 59, 'max_risk_short': 28}
793	0.91	2.22	3.48	45	1	4	398.29	7.88	32.57	69	100	100	2.203	1.28508	{'ott_len': 64, 'ott_percent': 77, 'ott_bw_up': 146, 'ott_bw_down': 147, 'tps_qty_index': 109, 'max_risk_long': 63, 'max_risk_short': 32}
797	0.93	2.43	2.55	640	66	46	9817.77	553.94	437.57	55	62	63	1.97	0.90266	{'ott_len': 47, 'ott_percent': 92, 'ott_bw_up': 104, 'ott_bw_down': 97, 'tps_qty_index': 104, 'max_risk_long': 60, 'max_risk_short': 42}
805	1.79	1.6	4.12	308	35	22	5444.01	312.75	206.56	56	51	77	2.503	1.40329	{'ott_len': 60, 'ott_percent': 92, 'ott_bw_up': 104, 'ott_bw_down': 97, 'tps_qty_index': 19, 'max_risk_long': 59, 'max_risk_short': 32}
812	1.95	0.38	3.95	259	37	19	4047.22	318.12	174.62	58	51	84	2.093	1.78931	{'ott_len': 64, 'ott_percent': 92, 'ott_bw_up': 104, 'ott_bw_down': 104, 'tps_qty_index': 37, 'max_risk_long': 63, 'max_risk_short': 30}
817	1.42	1.25	3.11	76	2	9	961.23	16.15	77.26	64	50	89	1.927	1.02832	{'ott_len': 58, 'ott_percent': 115, 'ott_bw_up': 158, 'ott_bw_down': 108, 'tps_qty_index': 77, 'max_risk_long': 59, 'max_risk_short': 32}
818	1.91	3.39	2.07	199	12	25	3275.79	102.69	210.08	56	67	52	2.457	0.81224	{'ott_len': 49, 'ott_percent': 128, 'ott_bw_up': 153, 'ott_bw_down': 108, 'tps_qty_index': 19, 'max_risk_long': 59, 'max_risk_short': 32}
819	1.7	2.88	2.79	123	2	9	1695.95	16.29	77.32	60	100	89	2.457	0.65684	{'ott_len': 60, 'ott_percent': 92, 'ott_bw_up': 144, 'ott_bw_down': 110, 'tps_qty_index': 66, 'max_risk_long': 63, 'max_risk_short': 42}
821	2.07	1.59	3.9	172	13	14	2803.03	104.04	120.78	63	69	86	2.52	1.21897	{'ott_len': 47, 'ott_percent': 140, 'ott_bw_up': 158, 'ott_bw_down': 161, 'tps_qty_index': 104, 'max_risk_long': 63, 'max_risk_short': 48}
830	1.39	0.38	3.04	97	3	8	1210.94	23.36	67.27	60	67	88	1.603	1.34277	{'ott_len': 64, 'ott_percent': 130, 'ott_bw_up': 158, 'ott_bw_down': 104, 'tps_qty_index': 39, 'max_risk_long': 64, 'max_risk_short': 30}
832	1.48	0.03	4.33	282	38	24	3649.6	318.67	216.76	62	58	75	1.947	2.18765	{'ott_len': 61, 'ott_percent': 92, 'ott_bw_up': 104, 'ott_bw_down': 157, 'tps_qty_index': 104, 'max_risk_long': 63, 'max_risk_short': 48}
838	0.92	0.16	3.63	157	15	15	1500.46	119.55	129.0	58	60	73	1.57	1.82403	{'ott_len': 60, 'ott_percent': 77, 'ott_bw_up': 104, 'ott_bw_down': 147, 'tps_qty_index': 109, 'max_risk_long': 48, 'max_risk_short': 28}
841	1.18	1.81	4.1	126	11	14	1645.79	90.75	123.83	62	64	86	2.363	1.53663	{'ott_len': 61, 'ott_percent': 190, 'ott_bw_up': 172, 'ott_bw_down': 157, 'tps_qty_index': 47, 'max_risk_long': 61, 'max_risk_short': 30}
843	1.78	3.19	3.51	135	13	11	2117.99	110.93	96.15	67	69	100	2.827	0.92045	{'ott_len': 64, 'ott_percent': 130, 'ott_bw_up': 144, 'ott_bw_down': 144, 'tps_qty_index': 46, 'max_risk_long': 68, 'max_risk_short': 32}
845	0.94	2.15	2.85	97	10	15	925.18	80.9	122.64	60	70	67	1.98	0.96628	{'ott_len': 61, 'ott_percent': 190, 'ott_bw_up': 144, 'ott_bw_down': 157, 'tps_qty_index': 104, 'max_risk_long': 36, 'max_risk_short': 32}
849	2.08	2.65	4.4	369	38	24	10595.52	354.06	224.44	58	58	79	3.043	1.20898	{'ott_len': 60, 'ott_percent': 92, 'ott_bw_up': 104, 'ott_bw_down': 112, 'tps_qty_index': 37, 'max_risk_long': 63, 'max_risk_short': 48}
852	1.04	2.96	3.5	372	47	28	3904.21	474.81	253.99	56	64	71	2.5	1.2929	{'ott_len': 64, 'ott_percent': 190, 'ott_bw_up': 144, 'ott_bw_down': 147, 'tps_qty_index': 34, 'max_risk_long': 66, 'max_risk_short': 32}
861	1.69	2.54	2.96	139	10	15	1930.63	83.06	127.77	59	70	80	2.397	0.64702	{'ott_len': 47, 'ott_percent': 128, 'ott_bw_up': 158, 'ott_bw_down': 161, 'tps_qty_index': 81, 'max_risk_long': 63, 'max_risk_short': 48}
863	1.0	1.64	2.73	829	105	69	9854.87	934.38	632.04	52	54	55	1.79	0.8747	{'ott_len': 60, 'ott_percent': 130, 'ott_bw_up': 104, 'ott_bw_down': 110, 'tps_qty_index': 66, 'max_risk_long': 63, 'max_risk_short': 48}
864	0.8	2.1	2.59	34	1	7	314.9	7.9	58.96	65	100	86	1.83	0.92504	{'ott_len': 58, 'ott_percent': 115, 'ott_bw_up': 158, 'ott_bw_down': 131, 'tps_qty_index': 66, 'max_risk_long': 51, 'max_risk_short': 32}
865	0.51	2.09	2.45	11	1	2	93.12	7.9	15.96	55	100	100	1.683	1.03196	{'ott_len': 64, 'ott_percent': 81, 'ott_bw_up': 158, 'ott_bw_down': 147, 'tps_qty_index': 66, 'max_risk_long': 51, 'max_risk_short': 28}
867	1.51	4.28	2.72	259	22	21	3866.4	196.65	180.24	58	68	71	2.837	1.38868	{'ott_len': 49, 'ott_percent': 128, 'ott_bw_up': 144, 'ott_bw_down': 104, 'tps_qty_index': 109, 'max_risk_long': 61, 'max_risk_short': 30}
872	1.3	1.88	5.1	222	28	17	3019.24	245.2	160.8	58	57	88	2.76	2.04714	{'ott_len': 64, 'ott_percent': 190, 'ott_bw_up': 158, 'ott_bw_down': 131, 'tps_qty_index': 19, 'max_risk_long': 66, 'max_risk_short': 30}
873	2.0	1.83	2.6	207	16	19	3829.88	128.93	161.05	60	62	74	2.143	0.40452	{'ott_len': 49, 'ott_percent': 128, 'ott_bw_up': 158, 'ott_bw_down': 104, 'tps_qty_index': 40, 'max_risk_long': 66, 'max_risk_short': 30}
878	2.21	3.24	3.54	152	13	11	2961.34	111.0	96.17	68	62	100	2.997	0.69759	{'ott_len': 64, 'ott_percent': 128, 'ott_bw_up': 144, 'ott_bw_down': 110, 'tps_qty_index': 46, 'max_risk_long': 68, 'max_risk_short': 32}
881	1.4	2.11	3.36	70	4	9	737.37	32.15	77.3	60	75	78	2.29	0.99232	{'ott_len': 58, 'ott_percent': 128, 'ott_bw_up': 158, 'ott_bw_down': 131, 'tps_qty_index': 66, 'max_risk_long': 59, 'max_risk_short': 30}
890	1.79	2.47	3.48	126	8	11	1955.16	63.55	95.2	66	50	100	2.58	0.85035	{'ott_len': 64, 'ott_percent': 128, 'ott_bw_up': 144, 'ott_bw_down': 112, 'tps_qty_index': 81, 'max_risk_long': 60, 'max_risk_short': 32}
894	1.54	1.5	3.17	140	9	8	2349.78	70.08	68.83	59	56	100	2.07	0.95284	{'ott_len': 64, 'ott_percent': 140, 'ott_bw_up': 158, 'ott_bw_down': 132, 'tps_qty_index': 26, 'max_risk_long': 63, 'max_risk_short': 48}
897	1.31	2.92	2.93	117	2	9	1315.85	16.3	77.93	59	100	89	2.387	0.93243	{'ott_len': 60, 'ott_percent': 92, 'ott_bw_up': 144, 'ott_bw_down': 130, 'tps_qty_index': 67, 'max_risk_long': 70, 'max_risk_short': 48}
900	0.77	2.04	2.49	39	1	4	364.74	7.9	32.91	62	100	100	1.767	0.89198	{'ott_len': 60, 'ott_percent': 92, 'ott_bw_up': 158, 'ott_bw_down': 110, 'tps_qty_index': 41, 'max_risk_long': 59, 'max_risk_short': 30}
901	1.92	1.0	4.31	345	39	19	5937.4	322.48	172.07	60	56	84	2.41	1.70854	{'ott_len': 64, 'ott_percent': 92, 'ott_bw_up': 105, 'ott_bw_down': 97, 'tps_qty_index': 104, 'max_risk_long': 61, 'max_risk_short': 42}
903	1.63	3.61	2.43	229	16	20	3924.45	145.43	176.27	54	56	60	2.557	0.99606	{'ott_len': 49, 'ott_percent': 128, 'ott_bw_up': 146, 'ott_bw_down': 110, 'tps_qty_index': 19, 'max_risk_long': 60, 'max_risk_short': 32}
905	1.86	1.0	3.89	495	51	36	10002.35	446.95	335.66	58	55	69	2.25	1.48395	{'ott_len': 60, 'ott_percent': 102, 'ott_bw_up': 104, 'ott_bw_down': 104, 'tps_qty_index': 103, 'max_risk_long': 63, 'max_risk_short': 48}
908	1.96	0.85	4.33	295	36	18	5243.19	308.27	166.71	58	56	83	2.38	1.77761	{'ott_len': 64, 'ott_percent': 92, 'ott_bw_up': 104, 'ott_bw_down': 108, 'tps_qty_index': 67, 'max_risk_long': 60, 'max_risk_short': 42}
911	0.93	4.76	2.33	346	33	31	3707.97	323.41	275.44	54	79	65	2.673	1.93795	{'ott_len': 34, 'ott_percent': 128, 'ott_bw_up': 164, 'ott_bw_down': 112, 'tps_qty_index': 109, 'max_risk_long': 61, 'max_risk_short': 32}
919	1.28	4.31	4.19	188	18	17	2284.66	162.72	149.14	59	67	82	3.26	1.71578	{'ott_len': 49, 'ott_percent': 128, 'ott_bw_up': 144, 'ott_bw_down': 144, 'tps_qty_index': 109, 'max_risk_long': 67, 'max_risk_short': 30}
922	0.78	1.42	3.2	916	148	82	9587.83	1309.49	802.74	52	53	60	1.8	1.25395	{'ott_len': 41, 'ott_percent': 102, 'ott_bw_up': 87, 'ott_bw_down': 158, 'tps_qty_index': 101, 'max_risk_long': 61, 'max_risk_short': 32}
925	1.14	0.52	2.26	162	11	14	1946.34	85.36	119.21	59	55	71	1.307	0.88189	{'ott_len': 60, 'ott_percent': 92, 'ott_bw_up': 104, 'ott_bw_down': 97, 'tps_qty_index': 104, 'max_risk_long': 31, 'max_risk_short': 42}
938	1.69	1.1	4.72	125	6	16	1453.25	47.62	138.11	63	67	81	2.503	1.94222	{'ott_len': 49, 'ott_percent': 97, 'ott_bw_up': 144, 'ott_bw_down': 104, 'tps_qty_index': 109, 'max_risk_long': 61, 'max_risk_short': 29}
944	0.5	0.91	3.85	1032	149	97	10721.87	1262.44	1076.09	47	54	60	1.753	1.8273	{'ott_len': 49, 'ott_percent': 128, 'ott_bw_up': 91, 'ott_bw_down': 144, 'tps_qty_index': 32, 'max_risk_long': 51, 'max_risk_short': 36}
945	1.53	0.01	2.92	148	10	14	2316.97	77.66	121.86	59	40	86	1.487	1.45548	{'ott_len': 64, 'ott_percent': 136, 'ott_bw_up': 143, 'ott_bw_down': 117, 'tps_qty_index': 67, 'max_risk_long': 61, 'max_risk_short': 32}
949	1.4	3.97	3.51	120	9	10	1540.3	73.65	86.33	65	67	100	2.96	1.37044	{'ott_len': 64, 'ott_percent': 128, 'ott_bw_up': 146, 'ott_bw_down': 112, 'tps_qty_index': 109, 'max_risk_long': 60, 'max_risk_short': 32}
955	1.15	2.91	2.73	85	2	9	870.7	16.32	78.13	56	100	78	2.263	0.96837	{'ott_len': 60, 'ott_percent': 92, 'ott_bw_up': 141, 'ott_bw_down': 110, 'tps_qty_index': 13, 'max_risk_long': 63, 'max_risk_short': 32}
964	1.45	1.17	3.2	257	19	22	3342.4	154.83	201.01	53	58	73	1.94	1.10014	{'ott_len': 49, 'ott_percent': 128, 'ott_bw_up': 134, 'ott_bw_down': 112, 'tps_qty_index': 32, 'max_risk_long': 51, 'max_risk_short': 32}
972	1.68	3.31	2.46	303	25	24	5617.2	229.63	209.19	53	60	58	2.483	0.81525	{'ott_len': 49, 'ott_percent': 128, 'ott_bw_up': 144, 'ott_bw_down': 104, 'tps_qty_index': 67, 'max_risk_long': 61, 'max_risk_short': 32}
974	1.35	3.19	3.36	66	2	9	699.22	16.2	77.3	61	100	78	2.633	1.11464	{'ott_len': 58, 'ott_percent': 128, 'ott_bw_up': 160, 'ott_bw_down': 143, 'tps_qty_index': 66, 'max_risk_long': 61, 'max_risk_short': 29}
975	1.35	3.53	3.07	149	12	13	1891.87	102.85	112.49	62	67	85	2.65	1.14909	{'ott_len': 49, 'ott_percent': 118, 'ott_bw_up': 144, 'ott_bw_down': 174, 'tps_qty_index': 47, 'max_risk_long': 61, 'max_risk_short': 36}
982	1.41	3.46	3.74	406	45	39	6106.76	456.22	390.17	54	62	56	2.87	1.27212	{'ott_len': 52, 'ott_percent': 102, 'ott_bw_up': 104, 'ott_bw_down': 155, 'tps_qty_index': 67, 'max_risk_long': 61, 'max_risk_short': 27}
985	1.41	1.76	3.23	97	4	10	1123.79	32.05	85.86	66	75	90	2.133	0.96573	{'ott_len': 58, 'ott_percent': 128, 'ott_bw_up': 158, 'ott_bw_down': 131, 'tps_qty_index': 46, 'max_risk_long': 68, 'max_risk_short': 32}
995	1.0	0.94	3.24	265	29	25	2673.04	231.21	224.61	55	55	72	1.727	1.31093	{'ott_len': 64, 'ott_percent': 190, 'ott_bw_up': 144, 'ott_bw_down': 139, 'tps_qty_index': 39, 'max_risk_long': 46, 'max_risk_short': 28}
1000	1.79	1.94	4.29	409	40	25	8405.03	353.0	237.68	56	62	76	2.673	1.40208	{'ott_len': 58, 'ott_percent': 92, 'ott_bw_up': 104, 'ott_bw_down': 110, 'tps_qty_index': 66, 'max_risk_long': 63, 'max_risk_short': 48}
1004	1.17	1.09	3.52	389	52	31	4372.19	489.63	275.22	60	62	68	1.927	1.38045	{'ott_len': 64, 'ott_percent': 128, 'ott_bw_up': 112, 'ott_bw_down': 160, 'tps_qty_index': 46, 'max_risk_long': 68, 'max_risk_short': 32}
1005	1.77	2.92	3.54	113	9	11	1811.95	73.48	96.16	68	67	100	2.743	0.89813	{'ott_len': 64, 'ott_percent': 130, 'ott_bw_up': 146, 'ott_bw_down': 144, 'tps_qty_index': 46, 'max_risk_long': 60, 'max_risk_short': 42}
1018	1.51	1.04	2.84	100	2	9	1266.29	16.13	77.29	63	50	100	1.797	0.93361	{'ott_len': 60, 'ott_percent': 92, 'ott_bw_up': 146, 'ott_bw_down': 97, 'tps_qty_index': 40, 'max_risk_long': 66, 'max_risk_short': 31}
1023	1.26	0.15	3.74	191	18	15	2042.05	143.2	132.39	57	50	87	1.717	1.83805	{'ott_len': 64, 'ott_percent': 92, 'ott_bw_up': 107, 'ott_bw_down': 110, 'tps_qty_index': 104, 'max_risk_long': 50, 'max_risk_short': 32}
1030	1.14	2.49	3.15	402	50	32	4841.55	514.0	273.88	59	64	69	2.26	1.02455	{'ott_len': 64, 'ott_percent': 190, 'ott_bw_up': 144, 'ott_bw_down': 128, 'tps_qty_index': 46, 'max_risk_long': 68, 'max_risk_short': 32}
1032	1.08	0.15	3.71	203	10	11	2251.47	77.82	94.9	62	50	91	1.647	1.84641	{'ott_len': 60, 'ott_percent': 92, 'ott_bw_up': 144, 'ott_bw_down': 104, 'tps_qty_index': 109, 'max_risk_long': 63, 'max_risk_short': 48}
1040	1.83	3.15	3.29	265	21	25	4838.79	187.13	214.77	57	62	72	2.757	0.80556	{'ott_len': 49, 'ott_percent': 130, 'ott_bw_up': 144, 'ott_bw_down': 110, 'tps_qty_index': 46, 'max_risk_long': 66, 'max_risk_short': 32}
1046	2.0	1.04	3.33	179	8	20	2864.59	63.37	173.8	61	62	75	2.123	1.14997	{'ott_len': 49, 'ott_percent': 128, 'ott_bw_up': 158, 'ott_bw_down': 110, 'tps_qty_index': 47, 'max_risk_long': 61, 'max_risk_short': 32}
1054	1.27	2.18	2.32	132	5	4	1777.47	40.46	32.56	56	100	75	1.923	0.57012	{'ott_len': 64, 'ott_percent': 86, 'ott_bw_up': 144, 'ott_bw_down': 105, 'tps_qty_index': 37, 'max_risk_long': 60, 'max_risk_short': 48}
1062	1.51	1.12	3.98	320	39	26	5446.52	338.54	230.15	52	49	73	2.203	1.55095	{'ott_len': 64, 'ott_percent': 190, 'ott_bw_up': 146, 'ott_bw_down': 162, 'tps_qty_index': 58, 'max_risk_long': 63, 'max_risk_short': 32}
1064	1.95	3.37	3.31	118	12	10	1774.6	102.12	86.73	68	67	100	2.877	0.80308	{'ott_len': 64, 'ott_percent': 128, 'ott_bw_up': 146, 'ott_bw_down': 144, 'tps_qty_index': 46, 'max_risk_long': 68, 'max_risk_short': 32}
1069	1.62	1.87	3.38	250	20	17	4143.23	166.69	151.03	58	50	76	2.29	0.95221	{'ott_len': 60, 'ott_percent': 92, 'ott_bw_up': 118, 'ott_bw_down': 112, 'tps_qty_index': 98, 'max_risk_long': 63, 'max_risk_short': 48}
1070	1.11	2.64	4.13	415	47	32	5374.94	466.82	310.24	54	57	69	2.627	1.51004	{'ott_len': 61, 'ott_percent': 190, 'ott_bw_up': 142, 'ott_bw_down': 175, 'tps_qty_index': 31, 'max_risk_long': 61, 'max_risk_short': 46}
1077	0.76	0.49	2.89	1065	151	109	14093.91	1200.92	1085.34	48	51	57	1.38	1.31465	{'ott_len': 49, 'ott_percent': 128, 'ott_bw_up': 92, 'ott_bw_down': 108, 'tps_qty_index': 73, 'max_risk_long': 50, 'max_risk_short': 32}
1092	1.52	3.31	5.14	414	55	32	6977.64	608.01	309.08	62	65	81	3.323	1.81004	{'ott_len': 64, 'ott_percent': 197, 'ott_bw_up': 144, 'ott_bw_down': 144, 'tps_qty_index': 46, 'max_risk_long': 68, 'max_risk_short': 32}
1093	1.82	0.08	4.22	273	34	22	5684.61	280.36	194.09	55	47	77	2.04	2.07875	{'ott_len': 64, 'ott_percent': 177, 'ott_bw_up': 144, 'ott_bw_down': 155, 'tps_qty_index': 58, 'max_risk_long': 63, 'max_risk_short': 32}
1107	1.81	2.53	3.27	120	9	10	2018.31	73.23	90.78	59	44	100	2.537	0.73002	{'ott_len': 64, 'ott_percent': 128, 'ott_bw_up': 146, 'ott_bw_down': 112, 'tps_qty_index': 10, 'max_risk_long': 59, 'max_risk_short': 32}
1118	1.61	1.66	2.14	340	34	27	6648.35	294.03	231.29	51	56	63	1.803	0.29263	{'ott_len': 49, 'ott_percent': 128, 'ott_bw_up': 144, 'ott_bw_down': 104, 'tps_qty_index': 71, 'max_risk_long': 68, 'max_risk_short': 33}
1120	1.58	2.12	3.58	331	33	28	4988.94	299.7	262.72	55	61	68	2.427	1.03467	{'ott_len': 61, 'ott_percent': 190, 'ott_bw_up': 144, 'ott_bw_down': 133, 'tps_qty_index': 66, 'max_risk_long': 52, 'max_risk_short': 30}
1123	1.12	3.22	2.81	157	13	14	1977.1	114.77	124.15	54	54	71	2.383	1.11312	{'ott_len': 49, 'ott_percent': 128, 'ott_bw_up': 146, 'ott_bw_down': 144, 'tps_qty_index': 19, 'max_risk_long': 59, 'max_risk_short': 27}
1125	1.55	1.11	3.29	96	7	12	1212.12	54.86	104.71	57	57	83	1.983	1.15279	{'ott_len': 63, 'ott_percent': 128, 'ott_bw_up': 153, 'ott_bw_down': 108, 'tps_qty_index': 19, 'max_risk_long': 59, 'max_risk_short': 32}
1132	1.77	2.43	3.29	125	10	10	1971.5	81.57	89.62	59	50	100	2.497	0.76219	{'ott_len': 64, 'ott_percent': 128, 'ott_bw_up': 146, 'ott_bw_down': 110, 'tps_qty_index': 19, 'max_risk_long': 60, 'max_risk_short': 32}
1154	2.06	1.72	3.41	158	12	12	3135.24	95.74	105.04	66	58	92	2.397	0.89389	{'ott_len': 64, 'ott_percent': 128, 'ott_bw_up': 144, 'ott_bw_down': 104, 'tps_qty_index': 47, 'max_risk_long': 61, 'max_risk_short': 32}
1155	1.61	2.72	2.8	203	15	17	3618.81	133.7	148.79	55	47	65	2.377	0.66516	{'ott_len': 49, 'ott_percent': 128, 'ott_bw_up': 146, 'ott_bw_down': 110, 'tps_qty_index': 19, 'max_risk_long': 60, 'max_risk_short': 30}
1157	1.18	2.42	3.63	356	43	28	4323.41	409.14	253.81	54	60	71	2.41	1.22503	{'ott_len': 64, 'ott_percent': 190, 'ott_bw_up': 144, 'ott_bw_down': 135, 'tps_qty_index': 67, 'max_risk_long': 61, 'max_risk_short': 30}
1177	1.67	4.29	2.89	246	20	21	4313.25	190.12	185.73	54	60	62	2.95	1.31103	{'ott_len': 49, 'ott_percent': 128, 'ott_bw_up': 146, 'ott_bw_down': 110, 'tps_qty_index': 19, 'max_risk_long': 67, 'max_risk_short': 32}
1185	1.36	2.96	3.32	221	21	19	3176.44	192.41	168.24	53	48	68	2.547	1.04333	{'ott_len': 49, 'ott_percent': 128, 'ott_bw_up': 144, 'ott_bw_down': 105, 'tps_qty_index': 19, 'max_risk_long': 63, 'max_risk_short': 28}
1187	1.95	4.04	3.78	143	12	11	2215.3	100.93	96.18	66	67	100	3.257	1.13905	{'ott_len': 64, 'ott_percent': 128, 'ott_bw_up': 145, 'ott_bw_down': 112, 'tps_qty_index': 109, 'max_risk_long': 68, 'max_risk_short': 32}
1192	1.57	1.49	3.31	334	40	27	5020.56	357.82	243.2	59	60	70	2.123	1.02846	{'ott_len': 64, 'ott_percent': 190, 'ott_bw_up': 144, 'ott_bw_down': 166, 'tps_qty_index': 42, 'max_risk_long': 58, 'max_risk_short': 30}
1205	1.71	3.56	2.93	238	20	21	4206.82	181.91	184.22	54	60	62	2.733	0.94055	{'ott_len': 49, 'ott_percent': 128, 'ott_bw_up': 146, 'ott_bw_down': 110, 'tps_qty_index': 66, 'max_risk_long': 64, 'max_risk_short': 32}
1211	1.72	2.16	2.08	280	20	24	5161.11	177.63	205.98	52	50	58	1.987	0.23438	{'ott_len': 49, 'ott_percent': 128, 'ott_bw_up': 144, 'ott_bw_down': 105, 'tps_qty_index': 62, 'max_risk_long': 59, 'max_risk_short': 32}
1213	1.08	1.47	2.84	1060	157	101	16308.97	1429.13	969.66	55	59	59	1.797	0.92436	{'ott_len': 49, 'ott_percent': 128, 'ott_bw_up': 94, 'ott_bw_down': 104, 'tps_qty_index': 109, 'max_risk_long': 61, 'max_risk_short': 32}
1232	1.62	2.89	2.78	91	5	10	1004.31	41.61	82.69	58	80	70	2.43	0.70363	{'ott_len': 49, 'ott_percent': 89, 'ott_bw_up': 146, 'ott_bw_down': 110, 'tps_qty_index': 19, 'max_risk_long': 60, 'max_risk_short': 30}
1236	2.26	1.73	3.29	150	12	12	3112.41	97.72	108.17	63	42	92	2.427	0.79324	{'ott_len': 64, 'ott_percent': 128, 'ott_bw_up': 144, 'ott_bw_down': 104, 'tps_qty_index': 14, 'max_risk_long': 63, 'max_risk_short': 30}
1258	1.47	2.46	2.25	491	49	38	6753.4	467.53	335.72	52	57	58	2.06	0.52163	{'ott_len': 64, 'ott_percent': 190, 'ott_bw_up': 144, 'ott_bw_down': 104, 'tps_qty_index': 34, 'max_risk_long': 60, 'max_risk_short': 20}
1259	2.18	1.35	3.41	139	11	12	2689.99	87.46	105.04	68	55	92	2.313	1.03645	{'ott_len': 64, 'ott_percent': 128, 'ott_bw_up': 144, 'ott_bw_down': 104, 'tps_qty_index': 47, 'max_risk_long': 61, 'max_risk_short': 30}
1263	1.59	2.19	3.41	103	10	10	1419.32	81.27	88.04	68	60	100	2.397	0.92743	{'ott_len': 64, 'ott_percent': 128, 'ott_bw_up': 146, 'ott_bw_down': 144, 'tps_qty_index': 47, 'max_risk_long': 61, 'max_risk_short': 30}
1271	1.43	0.92	3.64	350	45	28	5085.58	387.8	247.94	61	60	75	1.997	1.44583	{'ott_len': 64, 'ott_percent': 190, 'ott_bw_up': 146, 'ott_bw_down': 141, 'tps_qty_index': 47, 'max_risk_long': 68, 'max_risk_short': 30}
1279	1.59	3.2	2.86	217	16	19	3602.19	143.85	167.63	55	50	63	2.55	0.84859	{'ott_len': 49, 'ott_percent': 128, 'ott_bw_up': 144, 'ott_bw_down': 110, 'tps_qty_index': 19, 'max_risk_long': 60, 'max_risk_short': 30}
1286	1.45	0.74	4.09	286	26	16	5800.47	190.17	150.53	54	46	88	2.093	1.76523	{'ott_len': 64, 'ott_percent': 107, 'ott_bw_up': 144, 'ott_bw_down': 104, 'tps_qty_index': 14, 'max_risk_long': 60, 'max_risk_short': 56}
1315	0.94	0.14	2.02	1417	192	129	14266.82	1510.29	1185.76	49	47	55	1.033	0.94347	{'ott_len': 40, 'ott_percent': 190, 'ott_bw_up': 144, 'ott_bw_down': 104, 'tps_qty_index': 47, 'max_risk_long': 60, 'max_risk_short': 25}
1324	1.68	0.49	4.51	218	26	15	3611.36	220.89	133.46	56	46	87	2.227	2.065	{'ott_len': 64, 'ott_percent': 190, 'ott_bw_up': 156, 'ott_bw_down': 160, 'tps_qty_index': 58, 'max_risk_long': 63, 'max_risk_short': 32}
1333	1.48	2.33	3.62	371	44	28	5245.95	420.51	250.43	55	57	71	2.477	1.07751	{'ott_len': 64, 'ott_percent': 190, 'ott_bw_up': 144, 'ott_bw_down': 134, 'tps_qty_index': 66, 'max_risk_long': 60, 'max_risk_short': 32}
1344	1.26	2.85	3.4	373	47	29	4397.04	467.24	253.52	63	70	72	2.503	1.11132	{'ott_len': 64, 'ott_percent': 190, 'ott_bw_up': 144, 'ott_bw_down': 139, 'tps_qty_index': 109, 'max_risk_long': 68, 'max_risk_short': 32}
1350	0.62	1.92	3.55	58	1	8	543.11	7.9	68.54	59	100	100	2.03	1.46809	{'ott_len': 64, 'ott_percent': 103, 'ott_bw_up': 144, 'ott_bw_down': 154, 'tps_qty_index': 47, 'max_risk_long': 60, 'max_risk_short': 30}
1370	1.18	2.33	3.62	352	44	28	3912.99	420.51	250.43	54	57	71	2.377	1.22067	{'ott_len': 64, 'ott_percent': 190, 'ott_bw_up': 144, 'ott_bw_down': 127, 'tps_qty_index': 66, 'max_risk_long': 60, 'max_risk_short': 24}
1373	1.21	0.28	3.41	73	2	7	802.89	16.26	57.81	58	50	71	1.633	1.60737	{'ott_len': 64, 'ott_percent': 137, 'ott_bw_up': 167, 'ott_bw_down': 105, 'tps_qty_index': 14, 'max_risk_long': 63, 'max_risk_short': 28}
1382	1.54	4.28	3.34	260	22	23	4245.64	204.31	203.11	56	68	74	3.053	1.39231	{'ott_len': 49, 'ott_percent': 128, 'ott_bw_up': 144, 'ott_bw_down': 110, 'tps_qty_index': 47, 'max_risk_long': 67, 'max_risk_short': 32}
1398	1.18	2.16	4.34	387	47	32	5197.42	448.72	288.51	59	62	75	2.56	1.61753	{'ott_len': 64, 'ott_percent': 194, 'ott_bw_up': 144, 'ott_bw_down': 171, 'tps_qty_index': 104, 'max_risk_long': 60, 'max_risk_short': 32}
1439	0.99	0.76	2.15	412	41	32	5739.4	323.36	278.55	53	51	66	1.3	0.74505	{'ott_len': 64, 'ott_percent': 162, 'ott_bw_up': 144, 'ott_bw_down': 104, 'tps_qty_index': 47, 'max_risk_long': 61, 'max_risk_short': 30}
1476	0.9	1.67	2.28	10	678	4	84.12	15935.65	32.29	70	55	100	1.617	0.69154	{'ott_len': 64, 'ott_percent': 190, 'ott_bw_up': 144, 'ott_bw_down': 151, 'tps_qty_index': 47, 'max_risk_long': 28, 'max_risk_short': 32}
1492	1.6	1.18	3.5	377	44	30	7713.39	400.51	264.19	55	50	63	2.093	1.23618	{'ott_len': 65, 'ott_percent': 190, 'ott_bw_up': 144, 'ott_bw_down': 127, 'tps_qty_index': 14, 'max_risk_long': 63, 'max_risk_short': 30}
1506	1.12	1.34	3.47	316	36	27	3492.44	314.56	240.5	53	53	70	1.977	1.29793	{'ott_len': 64, 'ott_percent': 190, 'ott_bw_up': 144, 'ott_bw_down': 154, 'tps_qty_index': 66, 'max_risk_long': 52, 'max_risk_short': 30}
1527	0.91	1.17	2.97	314	35	26	3025.78	297.5	229.02	50	54	69	1.683	1.12184	{'ott_len': 64, 'ott_percent': 190, 'ott_bw_up': 144, 'ott_bw_down': 113, 'tps_qty_index': 66, 'max_risk_long': 48, 'max_risk_short': 22}
1531	1.26	2.88	3.48	373	49	29	4225.24	507.33	261.78	56	61	69	2.54	1.14839	{'ott_len': 64, 'ott_percent': 190, 'ott_bw_up': 144, 'ott_bw_down': 174, 'tps_qty_index': 18, 'max_risk_long': 68, 'max_risk_short': 32}
1538	1.15	2.66	3.36	369	45	28	4346.22	442.38	247.66	60	64	71	2.39	1.12947	{'ott_len': 64, 'ott_percent': 190, 'ott_bw_up': 144, 'ott_bw_down': 157, 'tps_qty_index': 47, 'max_risk_long': 63, 'max_risk_short': 32}
1542	1.24	2.33	3.62	350	44	28	4145.91	420.51	250.43	54	57	71	2.397	1.1914	{'ott_len': 64, 'ott_percent': 190, 'ott_bw_up': 144, 'ott_bw_down': 170, 'tps_qty_index': 66, 'max_risk_long': 60, 'max_risk_short': 32}
1544	1.25	2.43	3.57	356	44	28	4516.17	430.7	250.4	55	57	71	2.417	1.16006	{'ott_len': 64, 'ott_percent': 190, 'ott_bw_up': 144, 'ott_bw_down': 169, 'tps_qty_index': 15, 'max_risk_long': 63, 'max_risk_short': 30}
1555	1.19	0.15	3.0	243	24	22	3080.55	198.63	191.36	56	42	68	1.447	1.44223	{'ott_len': 52, 'ott_percent': 138, 'ott_bw_up': 144, 'ott_bw_down': 105, 'tps_qty_index': 83, 'max_risk_long': 60, 'max_risk_short': 28}
1568	1.32	2.55	3.63	360	45	28	5203.22	442.22	258.34	55	56	71	2.5	1.15581	{'ott_len': 64, 'ott_percent': 190, 'ott_bw_up': 144, 'ott_bw_down': 165, 'tps_qty_index': 14, 'max_risk_long': 63, 'max_risk_short': 39}
1578	1.1	2.84	3.55	365	48	29	4383.55	494.86	268.68	54	58	69	2.497	1.26057	{'ott_len': 64, 'ott_percent': 190, 'ott_bw_up': 144, 'ott_bw_down': 161, 'tps_qty_index': 14, 'max_risk_long': 68, 'max_risk_short': 32}
1584	0.7	0.56	2.08	934	148	82	10384.85	1302.5	733.38	47	49	49	1.113	0.84008	{'ott_len': 25, 'ott_percent': 190, 'ott_bw_up': 144, 'ott_bw_down': 151, 'tps_qty_index': 14, 'max_risk_long': 60, 'max_risk_short': 30}
1595	1.7	0.29	4.48	230	27	17	3066.08	211.71	153.61	60	52	88	2.157	2.132	{'ott_len': 64, 'ott_percent': 108, 'ott_bw_up': 115, 'ott_bw_down': 108, 'tps_qty_index': 108, 'max_risk_long': 60, 'max_risk_short': 32}
1598	1.11	2.1	2.55	52	1	6	509.29	7.9	49.13	60	100	100	1.92	0.73668	{'ott_len': 64, 'ott_percent': 89, 'ott_bw_up': 144, 'ott_bw_down': 104, 'tps_qty_index': 83, 'max_risk_long': 60, 'max_risk_short': 30}
1614	1.14	1.5	2.89	452	54	32	6731.15	457.45	299.16	50	52	62	1.843	0.92414	{'ott_len': 64, 'ott_percent': 165, 'ott_bw_up': 144, 'ott_bw_down': 104, 'tps_qty_index': 14, 'max_risk_long': 63, 'max_risk_short': 30}
1637	1.0	1.3	2.7	353	38	30	4243.02	331.7	252.17	56	61	67	1.667	0.90738	{'ott_len': 64, 'ott_percent': 190, 'ott_bw_up': 144, 'ott_bw_down': 124, 'tps_qty_index': 46, 'max_risk_long': 50, 'max_risk_short': 30}
1650	1.28	2.55	3.63	359	45	28	5055.89	442.22	258.34	55	56	71	2.487	1.17628	{'ott_len': 64, 'ott_percent': 190, 'ott_bw_up': 144, 'ott_bw_down': 146, 'tps_qty_index': 14, 'max_risk_long': 63, 'max_risk_short': 32}
1700	1.8	2.57	3.47	100	9	11	1507.93	73.21	100.36	62	44	100	2.613	0.83584	{'ott_len': 64, 'ott_percent': 126, 'ott_bw_up': 144, 'ott_bw_down': 153, 'tps_qty_index': 14, 'max_risk_long': 60, 'max_risk_short': 30}
1705	1.33	2.3	3.36	370	45	30	4793.23	429.38	262.92	59	60	70	2.33	1.01533	{'ott_len': 64, 'ott_percent': 190, 'ott_bw_up': 144, 'ott_bw_down': 129, 'tps_qty_index': 45, 'max_risk_long': 60, 'max_risk_short': 30}
1712	1.21	2.91	3.0	544	67	43	8794.06	657.62	389.24	58	66	63	2.373	1.00848	{'ott_len': 32, 'ott_percent': 128, 'ott_bw_up': 145, 'ott_bw_down': 112, 'tps_qty_index': 109, 'max_risk_long': 68, 'max_risk_short': 32}
1727	1.24	1.62	4.53	212	28	16	2783.02	237.99	145.38	53	50	88	2.463	1.79984	{'ott_len': 64, 'ott_percent': 190, 'ott_bw_up': 158, 'ott_bw_down': 147, 'tps_qty_index': 59, 'max_risk_long': 66, 'max_risk_short': 30}
1754	1.29	2.38	3.67	350	43	27	4057.62	409.96	244.14	59	63	74	2.447	1.1914	{'ott_len': 64, 'ott_percent': 190, 'ott_bw_up': 144, 'ott_bw_down': 160, 'tps_qty_index': 44, 'max_risk_long': 60, 'max_risk_short': 30}
1774	1.08	2.86	4.28	396	50	32	5119.49	522.22	291.48	59	62	75	2.74	1.60337	{'ott_len': 64, 'ott_percent': 194, 'ott_bw_up': 144, 'ott_bw_down': 165, 'tps_qty_index': 47, 'max_risk_long': 63, 'max_risk_short': 30}
1791	2.04	3.64	3.54	140	12	11	2402.13	101.16	98.11	64	42	100	3.073	0.89629	{'ott_len': 64, 'ott_percent': 128, 'ott_bw_up': 144, 'ott_bw_down': 112, 'tps_qty_index': 97, 'max_risk_long': 68, 'max_risk_short': 30}
1793	1.73	0.19	3.89	306	34	24	5663.72	281.44	212.93	56	47	79	1.937	1.85864	{'ott_len': 64, 'ott_percent': 190, 'ott_bw_up': 148, 'ott_bw_down': 136, 'tps_qty_index': 62, 'max_risk_long': 60, 'max_risk_short': 30}
1798	1.69	2.32	3.6	362	43	28	6197.48	414.45	248.5	54	56	71	2.537	0.97326	{'ott_len': 64, 'ott_percent': 190, 'ott_bw_up': 144, 'ott_bw_down': 166, 'tps_qty_index': 62, 'max_risk_long': 60, 'max_risk_short': 44}
1808	1.19	2.01	2.42	47	1	4	460.86	7.93	31.99	64	100	75	1.873	0.62629	{'ott_len': 64, 'ott_percent': 77, 'ott_bw_up': 144, 'ott_bw_down': 141, 'tps_qty_index': 14, 'max_risk_long': 63, 'max_risk_short': 29}
1811	1.37	2.39	3.36	357	44	28	4602.96	422.6	247.66	61	64	71	2.373	0.9951	{'ott_len': 64, 'ott_percent': 190, 'ott_bw_up': 144, 'ott_bw_down': 146, 'tps_qty_index': 47, 'max_risk_long': 60, 'max_risk_short': 30}
1842	1.45	2.4	3.4	349	44	28	4818.81	427.51	246.29	59	59	71	2.417	0.97511	{'ott_len': 64, 'ott_percent': 190, 'ott_bw_up': 144, 'ott_bw_down': 150, 'tps_qty_index': 40, 'max_risk_long': 60, 'max_risk_short': 30}
1847	0.66	1.98	2.8	119	15	16	1018.61	121.32	132.58	46	60	75	1.813	1.07969	{'ott_len': 64, 'ott_percent': 190, 'ott_bw_up': 144, 'ott_bw_down': 162, 'tps_qty_index': 18, 'max_risk_long': 38, 'max_risk_short': 30}
1854	1.28	2.39	3.36	356	44	28	4267.57	422.6	247.66	60	64	71	2.343	1.04078	{'ott_len': 64, 'ott_percent': 190, 'ott_bw_up': 144, 'ott_bw_down': 174, 'tps_qty_index': 47, 'max_risk_long': 60, 'max_risk_short': 32}
1867	1.24	1.84	3.94	147	14	14	1885.4	114.06	125.26	59	43	93	2.34	1.41774	{'ott_len': 64, 'ott_percent': 138, 'ott_bw_up': 144, 'ott_bw_down': 156, 'tps_qty_index': 77, 'max_risk_long': 68, 'max_risk_short': 30}
1884	1.71	1.15	3.78	279	33	23	4896.35	279.51	203.78	55	52	78	2.213	1.38536	{'ott_len': 64, 'ott_percent': 190, 'ott_bw_up': 150, 'ott_bw_down': 162, 'tps_qty_index': 62, 'max_risk_long': 60, 'max_risk_short': 30}
1888	1.58	2.1	2.02	485	47	38	7107.27	432.05	328.1	58	62	58	1.9	0.28	{'ott_len': 64, 'ott_percent': 190, 'ott_bw_up': 144, 'ott_bw_down': 104, 'tps_qty_index': 51, 'max_risk_long': 63, 'max_risk_short': 20}
1958	2.05	3.14	3.21	142	12	11	2740.66	102.37	95.67	61	50	100	2.8	0.65046	{'ott_len': 64, 'ott_percent': 128, 'ott_bw_up': 145, 'ott_bw_down': 112, 'tps_qty_index': 61, 'max_risk_long': 68, 'max_risk_short': 32}
1966	1.29	2.41	3.27	348	42	28	4040.43	391.69	248.43	61	64	71	2.323	0.99284	{'ott_len': 64, 'ott_percent': 190, 'ott_bw_up': 144, 'ott_bw_down': 146, 'tps_qty_index': 51, 'max_risk_long': 60, 'max_risk_short': 30}
1973	1.55	1.09	3.53	79	5	8	1003.59	39.18	68.55	67	40	100	2.057	1.29651	{'ott_len': 64, 'ott_percent': 110, 'ott_bw_up': 144, 'ott_bw_down': 104, 'tps_qty_index': 47, 'max_risk_long': 60, 'max_risk_short': 30}
1975	1.06	2.85	3.4	361	47	29	3765.55	467.24	253.52	63	70	72	2.437	1.22353	{'ott_len': 64, 'ott_percent': 190, 'ott_bw_up': 144, 'ott_bw_down': 145, 'tps_qty_index': 109, 'max_risk_long': 68, 'max_risk_short': 32}
1995	1.79	2.98	3.78	120	10	11	1648.36	81.54	96.18	68	60	100	2.85	1.00135	{'ott_len': 64, 'ott_percent': 128, 'ott_bw_up': 145, 'ott_bw_down': 112, 'tps_qty_index': 109, 'max_risk_long': 63, 'max_risk_short': 29}
2002	1.3	2.43	3.83	358	44	27	4334.28	426.79	245.93	55	57	74	2.52	1.2674	{'ott_len': 64, 'ott_percent': 190, 'ott_bw_up': 144, 'ott_bw_down': 166, 'tps_qty_index': 16, 'max_risk_long': 60, 'max_risk_short': 30}
